NGA,PolID,"Date (negative=years BCE, positive = years CE)",MoralisingGods,DoctrinalMode,Mean social complexity,95% confidence interval lower bound,95% confidence interval upper bound,Polity start date,Polity end date
Deccan,InDecNL,-2700,NA,1,0.193547306,0.150371227,0.236723386,-2700,-1201
Deccan,InDecNL,-2600,NA,1,0.193547306,0.150371227,0.236723386,-2700,-1201
Deccan,InDecNL,-2500,NA,1,0.193547306,0.150371227,0.236723386,-2700,-1201
Deccan,InDecNL,-2400,NA,1,0.193547306,0.150371227,0.236723386,-2700,-1201
Deccan,InDecNL,-2300,NA,1,0.193547306,0.150371227,0.236723386,-2700,-1201
Deccan,InDecNL,-2200,NA,1,0.193547306,0.150371227,0.236723386,-2700,-1201
Deccan,InDecNL,-2100,NA,1,0.193547306,0.150371227,0.236723386,-2700,-1201
Deccan,InDecNL,-2000,NA,1,0.193547306,0.150371227,0.236723386,-2700,-1201
Deccan,InDecNL,-1900,NA,1,0.193547306,0.150371227,0.236723386,-2700,-1201
Deccan,InDecNL,-1800,NA,1,0.193547306,0.150371227,0.236723386,-2700,-1201
Deccan,InDecNL,-1700,NA,1,0.193547306,0.150371227,0.236723386,-2700,-1201
Deccan,InDecNL,-1600,NA,1,0.193547306,0.150371227,0.236723386,-2700,-1201
Deccan,InDecNL,-1500,NA,1,0.193547306,0.150371227,0.236723386,-2700,-1201
Deccan,InDecNL,-1400,NA,1,0.193547306,0.150371227,0.236723386,-2700,-1201
Deccan,InDecNL,-1300,NA,1,0.193547306,0.150371227,0.236723386,-2700,-1201
Deccan,InDecIA,-1200,NA,NA,0.196671877,0.178245835,0.215097919,-1200,-301
Deccan,InDecIA,-1100,NA,NA,0.196671877,0.178245835,0.215097919,-1200,-301
Deccan,InDecIA,-1000,NA,NA,0.196671877,0.178245835,0.215097919,-1200,-301
Deccan,InDecIA,-900,NA,NA,0.268854731,0.240221472,0.297487989,-1200,-301
Deccan,InDecIA,-800,NA,NA,0.268854731,0.240221472,0.297487989,-1200,-301
Deccan,InDecIA,-700,NA,NA,0.268854731,0.240221472,0.297487989,-1200,-301
Deccan,InDecIA,-600,NA,NA,0.268854731,0.240221472,0.297487989,-1200,-301
Deccan,InDecIA,-500,NA,NA,0.311228287,0.282644197,0.339812376,-1200,-301
Deccan,InDecIA,-400,NA,NA,0.311228287,0.282644197,0.339812376,-1200,-301
Deccan,InMaury,-300,1,1,0.894850865,0.869319598,0.920382132,-300,-206
Deccan,InDecKg,-200,NA,NA,0.311228287,0.282644197,0.339812376,-205,-101
Deccan,InSataL,-100,1,1,0.768615433,0.764136049,0.773094817,-100,203
Deccan,InSataL,0,1,1,0.769021705,0.764798666,0.773244743,-100,203
Deccan,InSataL,100,1,1,0.769862766,0.765540899,0.774184633,-100,203
Deccan,InSataL,200,1,1,0.771739759,0.767296365,0.776183152,-100,203
Deccan,InVakat,300,1,1,0.797217787,0.76940152,0.825034054,286,335
Deccan,InKadam,500,1,1,0.722919341,0.679415263,0.766423418,451,540
Deccan,InChaBd,600,1,1,0.822926902,0.79795579,0.847898014,541,756
Deccan,InChaBd,700,1,1,0.832251554,0.827113675,0.837389434,541,756
Deccan,InRasht,800,1,1,0.813592949,0.788157813,0.839028085,757,973
Deccan,InRasht,900,1,1,0.814325245,0.788965498,0.839684991,757,973
Deccan,InChaKl,1000,1,1,0.850658631,0.819484045,0.881833218,974,1055
Deccan,InHoysa,1200,1,1,0.790185188,0.763652113,0.816718262,1192,1253
Deccan,InKampi,1300,1,1,0.695821648,0.637190425,0.754452872,1280,1310
Deccan,InVijay,1400,1,1,0.830650299,0.825963158,0.83533744,1337,1646
Deccan,InVijay,1500,1,1,0.838958509,0.831842821,0.846074197,1337,1646
Deccan,InVijay,1600,1,1,0.843202796,0.82169265,0.864712941,1337,1646
Deccan,InMugl*,1700,1,1,0.907165667,0.879486631,0.934844704,1687,1720
Kachi Plain,PkAcerN,-7500,NA,NA,0.159932311,0.11612926,0.203735362,-7500,-5501
Kachi Plain,PkAcerN,-7400,NA,NA,0.159932311,0.11612926,0.203735362,-7500,-5501
Kachi Plain,PkAcerN,-7300,NA,NA,0.159932311,0.11612926,0.203735362,-7500,-5501
Kachi Plain,PkAcerN,-7200,NA,NA,0.159932311,0.11612926,0.203735362,-7500,-5501
Kachi Plain,PkAcerN,-7100,NA,NA,0.159932311,0.11612926,0.203735362,-7500,-5501
Kachi Plain,PkAcerN,-7000,NA,NA,0.159932311,0.11612926,0.203735362,-7500,-5501
Kachi Plain,PkAcerN,-6900,NA,NA,0.159932311,0.11612926,0.203735362,-7500,-5501
Kachi Plain,PkAcerN,-6800,NA,NA,0.159932311,0.11612926,0.203735362,-7500,-5501
Kachi Plain,PkAcerN,-6700,NA,NA,0.159932311,0.11612926,0.203735362,-7500,-5501
Kachi Plain,PkAcerN,-6600,NA,NA,0.159932311,0.11612926,0.203735362,-7500,-5501
Kachi Plain,PkAcerN,-6500,NA,NA,0.159932311,0.11612926,0.203735362,-7500,-5501
Kachi Plain,PkAcerN,-6400,NA,NA,0.159932311,0.11612926,0.203735362,-7500,-5501
Kachi Plain,PkAcerN,-6300,NA,NA,0.159932311,0.11612926,0.203735362,-7500,-5501
Kachi Plain,PkAcerN,-6200,NA,NA,0.159932311,0.11612926,0.203735362,-7500,-5501
Kachi Plain,PkAcerN,-6100,NA,NA,0.159932311,0.11612926,0.203735362,-7500,-5501
Kachi Plain,PkAcerN,-6000,NA,NA,0.159932311,0.11612926,0.203735362,-7500,-5501
Kachi Plain,PkAcerN,-5900,NA,NA,0.159932311,0.11612926,0.203735362,-7500,-5501
Kachi Plain,PkAcerN,-5800,NA,NA,0.159932311,0.11612926,0.203735362,-7500,-5501
Kachi Plain,PkAcerN,-5700,NA,NA,0.159932311,0.11612926,0.203735362,-7500,-5501
Kachi Plain,PkAcerN,-5600,NA,NA,0.159932311,0.11612926,0.203735362,-7500,-5501
Kachi Plain,PkCeraN,-5500,NA,NA,0.15038824,0.112272439,0.188504042,-5500,-4001
Kachi Plain,PkCeraN,-5400,NA,NA,0.15038824,0.112272439,0.188504042,-5500,-4001
Kachi Plain,PkCeraN,-5300,NA,NA,0.15038824,0.112272439,0.188504042,-5500,-4001
Kachi Plain,PkCeraN,-5200,NA,NA,0.15038824,0.112272439,0.188504042,-5500,-4001
Kachi Plain,PkCeraN,-5100,NA,NA,0.15038824,0.112272439,0.188504042,-5500,-4001
Kachi Plain,PkCeraN,-5000,NA,NA,0.15038824,0.112272439,0.188504042,-5500,-4001
Kachi Plain,PkCeraN,-4900,NA,NA,0.15038824,0.112272439,0.188504042,-5500,-4001
Kachi Plain,PkCeraN,-4800,NA,NA,0.15038824,0.112272439,0.188504042,-5500,-4001
Kachi Plain,PkCeraN,-4700,NA,NA,0.15038824,0.112272439,0.188504042,-5500,-4001
Kachi Plain,PkCeraN,-4600,NA,NA,0.15038824,0.112272439,0.188504042,-5500,-4001
Kachi Plain,PkCeraN,-4500,NA,NA,0.15038824,0.112272439,0.188504042,-5500,-4001
Kachi Plain,PkCeraN,-4400,NA,NA,0.15038824,0.112272439,0.188504042,-5500,-4001
Kachi Plain,PkCeraN,-4300,NA,NA,0.15038824,0.112272439,0.188504042,-5500,-4001
Kachi Plain,PkCeraN,-4200,NA,NA,0.15038824,0.112272439,0.188504042,-5500,-4001
Kachi Plain,PkCeraN,-4100,NA,NA,0.15038824,0.112272439,0.188504042,-5500,-4001
Kachi Plain,PkChalc,-4000,NA,NA,0.22476069,0.175208583,0.274312796,-4000,-3201
Kachi Plain,PkChalc,-3900,NA,NA,0.22476069,0.175208583,0.274312796,-4000,-3201
Kachi Plain,PkChalc,-3800,NA,NA,0.22476069,0.175208583,0.274312796,-4000,-3201
Kachi Plain,PkChalc,-3700,NA,NA,0.22476069,0.175208583,0.274312796,-4000,-3201
Kachi Plain,PkChalc,-3600,NA,NA,0.22476069,0.175208583,0.274312796,-4000,-3201
Kachi Plain,PkChalc,-3500,NA,NA,0.22476069,0.175208583,0.274312796,-4000,-3201
Kachi Plain,PkChalc,-3400,NA,NA,0.22476069,0.175208583,0.274312796,-4000,-3201
Kachi Plain,PkChalc,-3300,NA,NA,0.22476069,0.175208583,0.274312796,-4000,-3201
Kachi Plain,PkPreUr,-3200,NA,NA,0.261419728,0.205864614,0.316974842,-3200,-2501
Kachi Plain,PkPreUr,-3100,NA,NA,0.261419728,0.205864614,0.316974842,-3200,-2501
Kachi Plain,PkPreUr,-3000,NA,NA,0.261419728,0.205864614,0.316974842,-3200,-2501
Kachi Plain,PkPreUr,-2900,NA,NA,0.261419728,0.205864614,0.316974842,-3200,-2501
Kachi Plain,PkPreUr,-2800,NA,NA,0.261419728,0.205864614,0.316974842,-3200,-2501
Kachi Plain,PkPreUr,-2700,NA,NA,0.261419728,0.205864614,0.316974842,-3200,-2501
Kachi Plain,PkPreUr,-2600,NA,NA,0.261419728,0.205864614,0.316974842,-3200,-2501
Kachi Plain,PkUrbn1,-2500,NA,1,0.684792685,0.63761882,0.73196655,-2500,-2101
Kachi Plain,PkUrbn1,-2400,NA,1,0.684792685,0.63761882,0.73196655,-2500,-2101
Kachi Plain,PkUrbn1,-2300,NA,1,0.684792685,0.63761882,0.73196655,-2500,-2101
Kachi Plain,PkUrbn1,-2200,NA,1,0.684792685,0.63761882,0.73196655,-2500,-2101
Kachi Plain,PkUrbn2,-2100,NA,1,0.684792685,0.63761882,0.73196655,-2100,-1801
Kachi Plain,PkUrbn2,-2000,NA,1,0.684792685,0.63761882,0.73196655,-2100,-1801
Kachi Plain,PkUrbn2,-1900,NA,1,0.684792685,0.63761882,0.73196655,-2100,-1801
Kachi Plain,PkPostU,-1800,NA,NA,0.257660293,0.227386691,0.287933895,-1800,-1301
Kachi Plain,PkPostU,-1700,NA,NA,0.257660293,0.227386691,0.287933895,-1800,-1301
Kachi Plain,PkPostU,-1600,NA,NA,0.257660293,0.227386691,0.287933895,-1800,-1301
Kachi Plain,PkPostU,-1500,NA,NA,0.257660293,0.227386691,0.287933895,-1800,-1301
Kachi Plain,PkPostU,-1400,NA,NA,0.257660293,0.227386691,0.287933895,-1800,-1301
Kachi Plain,PkProto,-1300,NA,NA,0.338900905,0.261277947,0.416523862,-1300,-551
Kachi Plain,PkProto,-1200,NA,NA,0.338900905,0.261277947,0.416523862,-1300,-551
Kachi Plain,PkProto,-1100,NA,NA,0.338900905,0.261277947,0.416523862,-1300,-551
Kachi Plain,PkProto,-1000,NA,NA,0.338900905,0.261277947,0.416523862,-1300,-551
Kachi Plain,PkProto,-900,NA,NA,0.338900905,0.261277947,0.416523862,-1300,-551
Kachi Plain,PkProto,-800,NA,NA,0.338900905,0.261277947,0.416523862,-1300,-551
Kachi Plain,PkProto,-700,NA,NA,0.338900905,0.261277947,0.416523862,-1300,-551
Kachi Plain,PkProto,-600,NA,NA,0.338900905,0.261277947,0.416523862,-1300,-551
Kachi Plain,IrAchae,-500,1,1,0.897850342,0.890440045,0.90526064,-550,-329
Kachi Plain,IrAchae,-400,1,1,0.89560458,0.888723607,0.902485552,-550,-329
Kachi Plain,InMaury,-300,1,1,0.894850865,0.869319598,0.920382132,-303,-194
Kachi Plain,InMaury,-200,1,1,0.894850865,0.869319598,0.920382132,-303,-194
Kachi Plain,PkIndGr,-100,1,NA,0.805158208,0.773418542,0.836897874,-145,-96
Kachi Plain,IrPart1,0,1,1,0.84539816,0.832969737,0.857826583,-95,21
Kachi Plain,AfKushn,100,1,1,0.825450107,0.806555902,0.844344312,30,250
Kachi Plain,AfKushn,200,1,1,0.822946284,0.807148875,0.838743694,30,250
Kachi Plain,IrSasn1,300,1,1,0.817147614,0.808553545,0.825741682,251,495
Kachi Plain,IrSasn1,400,1,1,0.83069746,0.822131114,0.839263806,251,495
Kachi Plain,AfHepht,500,1,1,0.820914655,0.794937475,0.846891836,496,531
Kachi Plain,IrSasn2,600,1,1,0.886023486,0.876953216,0.895093755,532,641
Kachi Plain,SyCalUm,700,1,1,0.846772008,0.832400463,0.861143552,670,750
Kachi Plain,IqAbbs1,800,1,1,0.870531329,0.854756018,0.886306639,750,861
Kachi Plain,PkSind1,900,1,1,0.739736225,0.705541961,0.77393049,862,1192
Kachi Plain,PkSind1,1000,1,1,0.73760284,0.711152662,0.764053017,862,1192
Kachi Plain,PkSind1,1100,1,1,0.70038163,0.675412768,0.725350492,862,1192
Kachi Plain,AfGhurd,1200,1,1,0.843662901,0.809168886,0.878156916,1193,1206
Kachi Plain,InDelh*,1300,1,1,0.923885128,0.919369858,0.928400397,1207,1339
Kachi Plain,PkSind2,1400,1,1,0.725611828,0.683184855,0.768038801,1340,1519
Kachi Plain,PkSind2,1500,1,1,0.740052016,0.71348754,0.766616493,1340,1519
Kachi Plain,InMugl*,1600,1,1,0.826154749,0.769013759,0.88329574,1526,1740
Kachi Plain,InMugl*,1700,1,1,0.907165667,0.879486631,0.934844704,1526,1740
Kachi Plain,AfDurrn,1800,1,1,0.700189308,0.661176552,0.739202065,1748,1826
Kansai,JpYayoi,-300,NA,1,0.232859871,0.2232582,0.242461541,-300,249
Kansai,JpYayoi,-200,NA,1,0.232859871,0.2232582,0.242461541,-300,249
Kansai,JpYayoi,-100,NA,1,0.232859871,0.2232582,0.242461541,-300,249
Kansai,JpYayoi,0,NA,1,0.232859871,0.2232582,0.242461541,-300,249
Kansai,JpYayoi,100,NA,1,0.232859871,0.2232582,0.242461541,-300,249
Kansai,JpYayoi,200,NA,1,0.232859871,0.2232582,0.242461541,-300,249
Kansai,JpKofun,300,NA,NA,0.471891152,0.420228881,0.523553423,250,537
Kansai,JpKofun,400,NA,NA,0.526939291,0.466439443,0.587439138,250,537
Kansai,JpKofun,500,NA,NA,0.588079717,0.553618053,0.622541381,250,537
Kansai,JpAsuka,600,1,1,0.763475909,0.734822784,0.792129034,538,710
Kansai,JpAsuka,700,1,1,0.77123436,0.740326869,0.802141851,538,710
Kansai,JpHeian,800,1,1,0.826658543,0.819262001,0.834055084,794,1184
Kansai,JpHeian,900,1,1,0.828931988,0.821205871,0.836658105,794,1184
Kansai,JpHeian,1000,1,1,0.826594625,0.81941917,0.83377008,794,1184
Kansai,JpHeian,1100,1,1,0.828561603,0.820834219,0.836288987,794,1184
Kansai,JpKamak,1200,1,1,0.817290038,0.809375905,0.825204172,1185,1333
Kansai,JpKamak,1300,1,1,0.817827555,0.810290026,0.825365085,1185,1333
Kansai,JpAshik,1400,1,1,0.822847149,0.817351542,0.828342755,1336,1466
Kansai,JpSengk,1500,1,1,0.754832629,0.74758585,0.762079407,1467,1567
Kansai,JpAzMom,1600,1,1,0.838102808,0.831983465,0.844222151,1568,1602
Kansai,JpTokgw,1700,1,1,0.920400168,0.914519401,0.926280935,1603,1868
Kansai,JpTokgw,1800,1,1,0.92231402,0.916431312,0.928196728,1603,1868
Konya Plain,TrNeoER,-9600,NA,NA,0.121548311,0.015585542,0.22751108,-9600,-7001
Konya Plain,TrNeoER,-9500,NA,NA,0.121548311,0.015585542,0.22751108,-9600,-7001
Konya Plain,TrNeoER,-9400,NA,NA,0.121548311,0.015585542,0.22751108,-9600,-7001
Konya Plain,TrNeoER,-9300,NA,NA,0.121548311,0.015585542,0.22751108,-9600,-7001
Konya Plain,TrNeoER,-9200,NA,NA,0.121548311,0.015585542,0.22751108,-9600,-7001
Konya Plain,TrNeoER,-9100,NA,NA,0.121548311,0.015585542,0.22751108,-9600,-7001
Konya Plain,TrNeoER,-9000,NA,NA,0.121548311,0.015585542,0.22751108,-9600,-7001
Konya Plain,TrNeoER,-8900,NA,NA,0.121548311,0.015585542,0.22751108,-9600,-7001
Konya Plain,TrNeoER,-8800,NA,NA,0.121548311,0.015585542,0.22751108,-9600,-7001
Konya Plain,TrNeoER,-8700,NA,NA,0.121548311,0.015585542,0.22751108,-9600,-7001
Konya Plain,TrNeoER,-8600,NA,NA,0.121548311,0.015585542,0.22751108,-9600,-7001
Konya Plain,TrNeoER,-8500,NA,NA,0.121548311,0.015585542,0.22751108,-9600,-7001
Konya Plain,TrNeoER,-8400,NA,NA,0.121548311,0.015585542,0.22751108,-9600,-7001
Konya Plain,TrNeoER,-8300,NA,NA,0.121548311,0.015585542,0.22751108,-9600,-7001
Konya Plain,TrNeoER,-8200,NA,NA,0.121548311,0.015585542,0.22751108,-9600,-7001
Konya Plain,TrNeoER,-8100,NA,NA,0.121548311,0.015585542,0.22751108,-9600,-7001
Konya Plain,TrNeoER,-8000,NA,NA,0.121548311,0.015585542,0.22751108,-9600,-7001
Konya Plain,TrNeoER,-7900,NA,NA,0.121548311,0.015585542,0.22751108,-9600,-7001
Konya Plain,TrNeoER,-7800,NA,NA,0.121548311,0.015585542,0.22751108,-9600,-7001
Konya Plain,TrNeoER,-7700,NA,NA,0.121548311,0.015585542,0.22751108,-9600,-7001
Konya Plain,TrNeoER,-7600,NA,NA,0.121548311,0.015585542,0.22751108,-9600,-7001
Konya Plain,TrNeoER,-7500,NA,NA,0.121548311,0.015585542,0.22751108,-9600,-7001
Konya Plain,TrNeoER,-7400,NA,NA,0.121548311,0.015585542,0.22751108,-9600,-7001
Konya Plain,TrNeoER,-7300,NA,NA,0.121548311,0.015585542,0.22751108,-9600,-7001
Konya Plain,TrNeoER,-7200,NA,NA,0.121548311,0.015585542,0.22751108,-9600,-7001
Konya Plain,TrNeoER,-7100,NA,NA,0.121548311,0.015585542,0.22751108,-9600,-7001
Konya Plain,TrNeoCR,-7000,NA,NA,0.128711404,0.056359944,0.201062863,-7000,-6601
Konya Plain,TrNeoCR,-6900,NA,NA,0.128711404,0.056359944,0.201062863,-7000,-6601
Konya Plain,TrNeoCR,-6800,NA,NA,0.128711404,0.056359944,0.201062863,-7000,-6601
Konya Plain,TrNeoCR,-6700,NA,NA,0.128711404,0.056359944,0.201062863,-7000,-6601
Konya Plain,TrNeoLT,-6600,NA,NA,0.184948876,0.149730957,0.220166795,-6600,-6001
Konya Plain,TrNeoLT,-6500,NA,NA,0.184948876,0.149730957,0.220166795,-6600,-6001
Konya Plain,TrNeoLT,-6400,NA,NA,0.184948876,0.149730957,0.220166795,-6600,-6001
Konya Plain,TrNeoLT,-6300,NA,NA,0.184948876,0.149730957,0.220166795,-6600,-6001
Konya Plain,TrNeoLT,-6200,NA,NA,0.184948876,0.149730957,0.220166795,-6600,-6001
Konya Plain,TrNeoLT,-6100,NA,NA,0.184948876,0.149730957,0.220166795,-6600,-6001
Konya Plain,TrClcER,-6000,NA,1,0.206963144,0.182729397,0.23119689,-6000,-5501
Konya Plain,TrClcER,-5900,NA,1,0.206963144,0.182729397,0.23119689,-6000,-5501
Konya Plain,TrClcER,-5800,NA,1,0.206963144,0.182729397,0.23119689,-6000,-5501
Konya Plain,TrClcER,-5700,NA,1,0.206963144,0.182729397,0.23119689,-6000,-5501
Konya Plain,TrClcER,-5600,NA,1,0.206963144,0.182729397,0.23119689,-6000,-5501
Konya Plain,TrClcLT,-5000,NA,NA,0.251630624,0.232536495,0.270724752,-5000,-3001
Konya Plain,TrClcLT,-4900,NA,NA,0.251630624,0.232536495,0.270724752,-5000,-3001
Konya Plain,TrClcLT,-4800,NA,NA,0.251630624,0.232536495,0.270724752,-5000,-3001
Konya Plain,TrClcLT,-4700,NA,NA,0.251630624,0.232536495,0.270724752,-5000,-3001
Konya Plain,TrClcLT,-4600,NA,NA,0.251630624,0.232536495,0.270724752,-5000,-3001
Konya Plain,TrClcLT,-4500,NA,NA,0.251630624,0.232536495,0.270724752,-5000,-3001
Konya Plain,TrClcLT,-4400,NA,NA,0.251630624,0.232536495,0.270724752,-5000,-3001
Konya Plain,TrClcLT,-4300,NA,NA,0.251630624,0.232536495,0.270724752,-5000,-3001
Konya Plain,TrClcLT,-4200,NA,NA,0.251630624,0.232536495,0.270724752,-5000,-3001
Konya Plain,TrClcLT,-4100,NA,NA,0.251630624,0.232536495,0.270724752,-5000,-3001
Konya Plain,TrClcLT,-4000,NA,NA,0.251630624,0.232536495,0.270724752,-5000,-3001
Konya Plain,TrClcLT,-3900,NA,NA,0.251630624,0.232536495,0.270724752,-5000,-3001
Konya Plain,TrClcLT,-3800,NA,NA,0.251630624,0.232536495,0.270724752,-5000,-3001
Konya Plain,TrClcLT,-3700,NA,NA,0.251630624,0.232536495,0.270724752,-5000,-3001
Konya Plain,TrClcLT,-3600,NA,NA,0.251630624,0.232536495,0.270724752,-5000,-3001
Konya Plain,TrClcLT,-3500,NA,NA,0.251630624,0.232536495,0.270724752,-5000,-3001
Konya Plain,TrClcLT,-3400,NA,NA,0.251630624,0.232536495,0.270724752,-5000,-3001
Konya Plain,TrClcLT,-3300,NA,NA,0.251630624,0.232536495,0.270724752,-5000,-3001
Konya Plain,TrClcLT,-3200,NA,NA,0.251630624,0.232536495,0.270724752,-5000,-3001
Konya Plain,TrClcLT,-3100,NA,NA,0.251630624,0.232536495,0.270724752,-5000,-3001
Konya Plain,TrBrzER,-3000,NA,NA,0.349509477,0.31059153,0.388427423,-3000,-2001
Konya Plain,TrBrzER,-2900,NA,NA,0.349509477,0.31059153,0.388427423,-3000,-2001
Konya Plain,TrBrzER,-2800,NA,NA,0.349509477,0.31059153,0.388427423,-3000,-2001
Konya Plain,TrBrzER,-2700,NA,NA,0.349509477,0.31059153,0.388427423,-3000,-2001
Konya Plain,TrBrzER,-2600,NA,NA,0.349509477,0.31059153,0.388427423,-3000,-2001
Konya Plain,TrBrzER,-2500,NA,NA,0.349509477,0.31059153,0.388427423,-3000,-2001
Konya Plain,TrBrzER,-2400,NA,NA,0.349509477,0.31059153,0.388427423,-3000,-2001
Konya Plain,TrBrzER,-2300,NA,NA,0.349509477,0.31059153,0.388427423,-3000,-2001
Konya Plain,TrBrzER,-2200,NA,NA,0.349509477,0.31059153,0.388427423,-3000,-2001
Konya Plain,TrBrzER,-2100,NA,NA,0.349509477,0.31059153,0.388427423,-3000,-2001
Konya Plain,TrBrzMD,-2000,NA,NA,0.594673757,0.590020308,0.599327207,-2000,-1700
Konya Plain,TrBrzMD,-1900,NA,NA,0.594673757,0.590020308,0.599327207,-2000,-1700
Konya Plain,TrBrzMD,-1800,NA,NA,0.594673757,0.590020308,0.599327207,-2000,-1700
Konya Plain,TrBrzMD,-1700,NA,NA,0.594673757,0.590020308,0.599327207,-2000,-1700
Konya Plain,TrHatOK,-1600,1,1,0.678071787,0.671515148,0.684628425,-1650,-1501
Konya Plain,TrBrzL2,-1500,1,1,0.700265998,0.695816214,0.704715781,-1500,-1400
Konya Plain,TrBrzL2,-1400,1,1,0.690058572,0.684085544,0.6960316,-1500,-1400
Konya Plain,TrHatNK,-1300,1,1,0.708277249,0.702793944,0.713760555,-1344,-1181
Konya Plain,TrHatNK,-1200,1,1,0.709691893,0.704988075,0.714395711,-1344,-1181
Konya Plain,TrNHitt,-1100,1,1,0.623306657,0.618208633,0.628404682,-1180,-901
Konya Plain,TrNHitt,-1000,1,1,0.623306657,0.618208633,0.628404682,-1180,-901
Konya Plain,TrTabal,-900,1,NA,0.626096616,0.596822281,0.655370951,-900,-837
Konya Plain,TrPhryg,-800,NA,1,0.639245321,0.63536211,0.643128532,-836,-696
Konya Plain,TrPhryg,-700,NA,1,0.639245321,0.63536211,0.643128532,-836,-696
Konya Plain,TrLydia,-600,NA,1,0.753770599,0.716647879,0.790893319,-670,-547
Konya Plain,IrAchae,-500,1,1,0.897850342,0.890440045,0.90526064,-546,-334
Konya Plain,IrAchae,-400,1,1,0.89560458,0.888723607,0.902485552,-546,-334
Konya Plain,TrLysim,-300,1,1,0.772223525,0.740431803,0.804015246,-300,-282
Konya Plain,IrSeleu,-200,1,1,0.791706819,0.784004438,0.7994092,-281,-190
Konya Plain,TrCappL,-100,1,1,0.699734184,0.670273972,0.729194395,-129,-95
Konya Plain,ItRomPr,0,1,1,0.952730633,0.948942245,0.956519021,-31,283
Konya Plain,ItRomPr,100,1,1,0.956969742,0.952767726,0.961171757,-31,283
Konya Plain,ItRomPr,200,1,1,0.956051865,0.952208907,0.959894823,-31,283
Konya Plain,TrRomDm,300,1,1,0.961824189,0.953477474,0.970170904,284,394
Konya Plain,TrERom*,400,1,1,0.931233808,0.929676517,0.9327911,395,607
Konya Plain,TrERom*,500,1,1,0.941318036,0.939554491,0.943081581,395,607
Konya Plain,TrERom*,600,1,1,0.92047997,0.919029239,0.921930701,395,607
Konya Plain,TrByzM1,700,1,1,0.860920721,0.859596764,0.862244678,632,866
Konya Plain,TrByzM1,800,1,1,0.865777438,0.864431909,0.867122967,632,866
Konya Plain,TrByzM2,900,1,1,0.881398833,0.866400408,0.896397257,867,1072
Konya Plain,TrByzM2,1000,1,1,0.89678939,0.890923061,0.90265572,867,1072
Konya Plain,TrRum**,1100,1,1,0.780002382,0.776067882,0.783936881,1093,1243
Konya Plain,TrRum**,1200,1,1,0.780002382,0.776067882,0.783936881,1093,1243
Konya Plain,IrIlkhn,1300,1,1,0.838816839,0.809016717,0.86861696,1263,1326
Konya Plain,TrOttm1,1400,1,1,0.81163777,0.808230214,0.815045327,1393,1402
Konya Plain,TrOttm2,1500,1,1,0.896686925,0.887397616,0.905976234,1421,1516
Konya Plain,TrOttm3,1600,1,1,0.958165439,0.953942222,0.962388656,1517,1682
Konya Plain,TrOttm4,1700,1,1,0.956977021,0.953482762,0.960471281,1683,1838
Konya Plain,TrOttm4,1800,1,1,0.949693767,0.92741165,0.971975885,1683,1838
Latium,ItLatCA,-3600,NA,NA,0.147913451,0.089400333,0.206426569,-3600,-1801
Latium,ItLatCA,-3500,NA,NA,0.147913451,0.089400333,0.206426569,-3600,-1801
Latium,ItLatCA,-3400,NA,NA,0.147913451,0.089400333,0.206426569,-3600,-1801
Latium,ItLatCA,-3300,NA,NA,0.147913451,0.089400333,0.206426569,-3600,-1801
Latium,ItLatCA,-3200,NA,NA,0.147913451,0.089400333,0.206426569,-3600,-1801
Latium,ItLatCA,-3100,NA,NA,0.147913451,0.089400333,0.206426569,-3600,-1801
Latium,ItLatCA,-3000,NA,NA,0.147913451,0.089400333,0.206426569,-3600,-1801
Latium,ItLatCA,-2900,NA,NA,0.147913451,0.089400333,0.206426569,-3600,-1801
Latium,ItLatCA,-2800,NA,NA,0.147913451,0.089400333,0.206426569,-3600,-1801
Latium,ItLatCA,-2700,NA,NA,0.147913451,0.089400333,0.206426569,-3600,-1801
Latium,ItLatCA,-2600,NA,NA,0.147913451,0.089400333,0.206426569,-3600,-1801
Latium,ItLatCA,-2500,NA,NA,0.147913451,0.089400333,0.206426569,-3600,-1801
Latium,ItLatCA,-2400,NA,NA,0.147913451,0.089400333,0.206426569,-3600,-1801
Latium,ItLatCA,-2300,NA,NA,0.147913451,0.089400333,0.206426569,-3600,-1801
Latium,ItLatCA,-2200,NA,NA,0.147913451,0.089400333,0.206426569,-3600,-1801
Latium,ItLatCA,-2100,NA,NA,0.147913451,0.089400333,0.206426569,-3600,-1801
Latium,ItLatCA,-2000,NA,NA,0.147913451,0.089400333,0.206426569,-3600,-1801
Latium,ItLatCA,-1900,NA,NA,0.147913451,0.089400333,0.206426569,-3600,-1801
Latium,ItLatBA,-1800,NA,NA,0.091344292,0.038606149,0.144082435,-1800,-1001
Latium,ItLatBA,-1700,NA,NA,0.091344292,0.038606149,0.144082435,-1800,-1001
Latium,ItLatBA,-1600,NA,NA,0.091344292,0.038606149,0.144082435,-1800,-1001
Latium,ItLatBA,-1500,NA,NA,0.091344292,0.038606149,0.144082435,-1800,-1001
Latium,ItLatBA,-1400,NA,NA,0.091344292,0.038606149,0.144082435,-1800,-1001
Latium,ItLatBA,-1300,NA,NA,0.091344292,0.038606149,0.144082435,-1800,-1001
Latium,ItLatBA,-1200,NA,NA,0.136159885,0.088099627,0.184220143,-1800,-1001
Latium,ItLatBA,-1100,NA,NA,0.136159885,0.088099627,0.184220143,-1800,-1001
Latium,ItLatIA,-1000,NA,NA,0.188118289,0.142993684,0.233242893,-1000,-717
Latium,ItLatIA,-900,NA,NA,0.188118289,0.142993684,0.233242893,-1000,-717
Latium,ItLatIA,-800,NA,NA,0.191350443,0.148905425,0.233795461,-1000,-717
Latium,ItRomRg,-700,NA,1,0.55035706,0.530914185,0.569799936,-716,-510
Latium,ItRomRg,-600,NA,1,0.566894473,0.547585006,0.58620394,-716,-510
Latium,ItRomER,-500,1,1,0.614112167,0.605706811,0.622517523,-509,-265
Latium,ItRomER,-400,1,1,0.621217028,0.609977399,0.632456656,-509,-265
Latium,ItRomER,-300,1,1,0.689234017,0.680302652,0.698165383,-509,-265
Latium,ItRomMR,-200,1,1,0.774633573,0.761411849,0.787855297,-264,-134
Latium,ItRomLR,-100,1,1,0.83204395,0.818016321,0.84607158,-133,-29
Latium,ItRomPr,0,1,1,0.952730633,0.948942245,0.956519021,-31,283
Latium,ItRomPr,100,1,1,0.956969742,0.952767726,0.961171757,-31,283
Latium,ItRomPr,200,1,1,0.956051865,0.952208907,0.959894823,-31,283
Latium,TrRomDm,300,1,1,0.961824189,0.953477474,0.970170904,284,394
Latium,ItRomWe,400,1,1,0.968133709,0.948656807,0.987610612,395,457
Latium,ItOstrg,500,1,1,0.860252464,0.854555006,0.865949922,493,554
Latium,ItRav**,600,1,1,0.768279147,0.764370569,0.772187725,568,710
Latium,ItRav**,700,1,1,0.787670759,0.78405274,0.791288778,568,710
Latium,ItStPet,800,1,1,0.785348766,0.780524918,0.790172615,711,903
Latium,ItStPet,900,1,1,0.774995775,0.763219448,0.786772103,711,903
Latium,ItPapEM,1000,1,1,0.751693235,0.74004504,0.76334143,904,1197
Latium,ItPapEM,1100,1,1,0.745927356,0.738144643,0.75371007,904,1197
Latium,ItPapHM,1200,1,1,0.755190862,0.740378521,0.770003204,1198,1308
Latium,ItPapHM,1300,1,1,0.755190862,0.740378521,0.770003204,1198,1308
Latium,ItPapRn,1400,1,1,0.73634123,0.730774445,0.741908015,1378,1526
Latium,ItPapRn,1500,1,1,0.731842624,0.725725574,0.737959674,1378,1526
Latium,ItPapM1,1600,1,1,0.814313192,0.811108185,0.817518198,1527,1647
Latium,ItPapM2,1700,1,1,0.823768733,0.822180185,0.82535728,1648,1800
Latium,ItPapM2,1800,1,1,0.827470619,0.825789072,0.829152166,1648,1800
Middle Yellow River Valley,CnYngsh,-5000,NA,NA,0.225480372,0.195178338,0.255782406,-5000,-3001
Middle Yellow River Valley,CnYngsh,-4900,NA,NA,0.225480372,0.195178338,0.255782406,-5000,-3001
Middle Yellow River Valley,CnYngsh,-4800,NA,NA,0.225480372,0.195178338,0.255782406,-5000,-3001
Middle Yellow River Valley,CnYngsh,-4700,NA,NA,0.225480372,0.195178338,0.255782406,-5000,-3001
Middle Yellow River Valley,CnYngsh,-4600,NA,NA,0.225480372,0.195178338,0.255782406,-5000,-3001
Middle Yellow River Valley,CnYngsh,-4500,NA,NA,0.225480372,0.195178338,0.255782406,-5000,-3001
Middle Yellow River Valley,CnYngsh,-4400,NA,NA,0.225480372,0.195178338,0.255782406,-5000,-3001
Middle Yellow River Valley,CnYngsh,-4300,NA,NA,0.225480372,0.195178338,0.255782406,-5000,-3001
Middle Yellow River Valley,CnYngsh,-4200,NA,NA,0.225480372,0.195178338,0.255782406,-5000,-3001
Middle Yellow River Valley,CnYngsh,-4100,NA,NA,0.225480372,0.195178338,0.255782406,-5000,-3001
Middle Yellow River Valley,CnYngsh,-4000,NA,NA,0.225480372,0.195178338,0.255782406,-5000,-3001
Middle Yellow River Valley,CnYngsh,-3900,NA,NA,0.225480372,0.195178338,0.255782406,-5000,-3001
Middle Yellow River Valley,CnYngsh,-3800,NA,NA,0.225480372,0.195178338,0.255782406,-5000,-3001
Middle Yellow River Valley,CnYngsh,-3700,NA,NA,0.225480372,0.195178338,0.255782406,-5000,-3001
Middle Yellow River Valley,CnYngsh,-3600,NA,NA,0.225480372,0.195178338,0.255782406,-5000,-3001
Middle Yellow River Valley,CnYngsh,-3500,NA,NA,0.225480372,0.195178338,0.255782406,-5000,-3001
Middle Yellow River Valley,CnYngsh,-3400,NA,NA,0.225480372,0.195178338,0.255782406,-5000,-3001
Middle Yellow River Valley,CnYngsh,-3300,NA,NA,0.225480372,0.195178338,0.255782406,-5000,-3001
Middle Yellow River Valley,CnYngsh,-3200,NA,NA,0.225480372,0.195178338,0.255782406,-5000,-3001
Middle Yellow River Valley,CnYngsh,-3100,NA,NA,0.225480372,0.195178338,0.255782406,-5000,-3001
Middle Yellow River Valley,CnLngsh,-3000,NA,NA,0.518843916,0.489262231,0.548425602,-3000,-1900
Middle Yellow River Valley,CnLngsh,-2900,NA,NA,0.518843916,0.489262231,0.548425602,-3000,-1900
Middle Yellow River Valley,CnLngsh,-2800,NA,NA,0.518843916,0.489262231,0.548425602,-3000,-1900
Middle Yellow River Valley,CnLngsh,-2700,NA,NA,0.518843916,0.489262231,0.548425602,-3000,-1900
Middle Yellow River Valley,CnLngsh,-2600,NA,NA,0.518843916,0.489262231,0.548425602,-3000,-1900
Middle Yellow River Valley,CnLngsh,-2500,NA,NA,0.518843916,0.489262231,0.548425602,-3000,-1900
Middle Yellow River Valley,CnLngsh,-2400,NA,NA,0.518843916,0.489262231,0.548425602,-3000,-1900
Middle Yellow River Valley,CnLngsh,-2300,NA,NA,0.518843916,0.489262231,0.548425602,-3000,-1900
Middle Yellow River Valley,CnLngsh,-2200,NA,NA,0.518843916,0.489262231,0.548425602,-3000,-1900
Middle Yellow River Valley,CnLngsh,-2100,NA,NA,0.518843916,0.489262231,0.548425602,-3000,-1900
Middle Yellow River Valley,CnLngsh,-2000,NA,NA,0.518843916,0.489262231,0.548425602,-3000,-1900
Middle Yellow River Valley,CnLngsh,-1900,NA,NA,0.518843916,0.489262231,0.548425602,-3000,-1900
Middle Yellow River Valley,CnErlit,-1800,NA,1,0.586376574,0.567749926,0.605003222,-1850,-1651
Middle Yellow River Valley,CnErlit,-1700,NA,1,0.586376574,0.567749926,0.605003222,-1850,-1651
Middle Yellow River Valley,CnErlig,-1600,NA,1,0.672547979,0.663420437,0.681675521,-1650,-1251
Middle Yellow River Valley,CnErlig,-1500,NA,1,0.672547979,0.663420437,0.681675521,-1650,-1251
Middle Yellow River Valley,CnErlig,-1400,NA,1,0.672547979,0.663420437,0.681675521,-1650,-1251
Middle Yellow River Valley,CnErlig,-1300,NA,1,0.672547979,0.663420437,0.681675521,-1650,-1251
Middle Yellow River Valley,CnShang,-1200,0,1,0.721935195,0.699441486,0.744428904,-1250,-1123
Middle Yellow River Valley,CnWZhou,-1100,1,1,0.756620528,0.707898455,0.805342601,-1122,-795
Middle Yellow River Valley,CnWZhou,-1000,1,1,0.758892815,0.752491512,0.765294118,-1122,-795
Middle Yellow River Valley,CnWZhou,-900,1,1,0.769167699,0.762416874,0.775918524,-1122,-795
Middle Yellow River Valley,CnWZhou,-800,1,1,0.771322794,0.764966804,0.777678784,-1122,-795
Middle Yellow River Valley,CnJinSA,-700,1,NA,0.720840035,0.691376296,0.750303775,-794,-489
Middle Yellow River Valley,CnJinSA,-600,1,NA,0.720840035,0.691376296,0.750303775,-794,-489
Middle Yellow River Valley,CnJinSA,-500,1,NA,0.720840035,0.691376296,0.750303775,-794,-489
Middle Yellow River Valley,CnWeiWS,-400,1,NA,0.750419146,0.712291438,0.788546854,-488,-223
Middle Yellow River Valley,CnWeiWS,-300,1,NA,0.78918959,0.76772956,0.810649621,-488,-223
Middle Yellow River Valley,CnWHan*,-200,1,1,0.903015234,0.892693494,0.913336974,-202,9
Middle Yellow River Valley,CnWHan*,-100,1,1,0.908757827,0.898495907,0.919019746,-202,9
Middle Yellow River Valley,CnWHan*,0,1,1,0.909431201,0.89917608,0.919686321,-202,9
Middle Yellow River Valley,CnEHan*,100,1,NA,0.895670757,0.885368049,0.905973465,25,219
Middle Yellow River Valley,CnEHan*,200,1,NA,0.848219898,0.819611988,0.876827807,25,219
Middle Yellow River Valley,CnErJin,300,NA,NA,0.890258741,0.879262775,0.901254708,265,317
Middle Yellow River Valley,CnNWei*,400,1,1,0.830277594,0.810700584,0.849854603,386,557
Middle Yellow River Valley,CnNWei*,500,1,1,0.853460309,0.85005684,0.856863777,386,557
Middle Yellow River Valley,CnSui**,600,1,1,0.877060659,0.866341727,0.887779591,581,617
Middle Yellow River Valley,CnTangE,700,1,1,0.906020968,0.899552652,0.912489283,618,762
Middle Yellow River Valley,CnTangL,800,1,1,0.895751029,0.890407045,0.901095013,763,907
Middle Yellow River Valley,CnTangL,900,1,1,0.892310558,0.886921262,0.897699854,763,907
Middle Yellow River Valley,CnNSong,1000,1,1,0.969146359,0.95812789,0.980164827,960,1126
Middle Yellow River Valley,CnNSong,1100,1,1,0.975916037,0.964650646,0.987181428,960,1126
Middle Yellow River Valley,CnLrJin,1200,1,1,0.915435717,0.892363501,0.938507932,1127,1234
Middle Yellow River Valley,CnYuan*,1300,1,1,0.970099062,0.965094673,0.97510345,1271,1367
Middle Yellow River Valley,CnMing*,1400,1,1,0.920962369,0.91946909,0.922455648,1368,1643
Middle Yellow River Valley,CnMing*,1500,1,1,0.939934764,0.937614335,0.942255193,1368,1643
Middle Yellow River Valley,CnMing*,1600,1,1,0.954132569,0.951511168,0.956753969,1368,1643
Middle Yellow River Valley,CnQingE,1700,1,1,0.98575853,0.982409946,0.989107114,1644,1795
Middle Yellow River Valley,CnQingL,1800,1,1,0.993461914,0.991162553,0.995761275,1796,1912
Middle Yellow River Valley,CnQingL,1900,1,1,0.997680536,0.995348315,1.000012757,1796,1912
Niger Inland Delta,MlJeJe1,-200,NA,NA,0.096071842,0.088955519,0.103188164,-250,49
Niger Inland Delta,MlJeJe1,-100,NA,NA,0.096071842,0.088955519,0.103188164,-250,49
Niger Inland Delta,MlJeJe1,0,NA,NA,0.096071842,0.088955519,0.103188164,-250,49
Niger Inland Delta,MlJeJe2,100,NA,NA,0.208414545,0.193999436,0.222829655,50,399
Niger Inland Delta,MlJeJe2,200,NA,NA,0.208414545,0.193999436,0.222829655,50,399
Niger Inland Delta,MlJeJe2,300,NA,NA,0.208414545,0.193999436,0.222829655,50,399
Niger Inland Delta,MlJeJe3,400,NA,NA,0.312036557,0.302935669,0.321137444,400,899
Niger Inland Delta,MlJeJe3,500,NA,NA,0.312036557,0.302935669,0.321137444,400,899
Niger Inland Delta,MlJeJe3,600,NA,NA,0.312036557,0.302935669,0.321137444,400,899
Niger Inland Delta,MlJeJe3,700,NA,NA,0.312036557,0.302935669,0.321137444,400,899
Niger Inland Delta,MlJeJe3,800,NA,NA,0.312036557,0.302935669,0.321137444,400,899
Niger Inland Delta,MlJeJe4,900,NA,NA,0.383888529,0.343859184,0.423917875,900,999
Niger Inland Delta,MrWagdM,1000,NA,1,0.569977039,0.546168692,0.593785386,1000,1077
Niger Inland Delta,MrWagdL,1100,1,1,0.719871331,0.702282443,0.737460218,1100,1202
Niger Inland Delta,MrWagdL,1200,1,1,0.719871331,0.702282443,0.737460218,1100,1202
Niger Inland Delta,MlMali*,1300,NA,1,0.724407782,0.713261525,0.735554039,1235,1410
Niger Inland Delta,MlMali*,1400,1,1,0.728955029,0.72479006,0.733119997,1235,1410
Niger Inland Delta,MlSong2,1500,1,1,0.77835343,0.774019593,0.782687267,1493,1590
Niger Inland Delta,MaSaadi,1600,1,1,0.828503665,0.825832904,0.831174427,1591,1618
Niger Inland Delta,MlSegou,1700,1,1,0.828503665,0.825832904,0.831174427,1640,1711
Niger Inland Delta,MlBaman,1800,1,1,0.763506364,0.760632364,0.766380365,1712,1818
Orkhon Valley,MnXngnE,-1400,NA,NA,0.313828446,0.287087473,0.340569419,-1400,-300
Orkhon Valley,MnXngnE,-1300,NA,NA,0.313828446,0.287087473,0.340569419,-1400,-300
Orkhon Valley,MnXngnE,-1200,NA,NA,0.313828446,0.287087473,0.340569419,-1400,-300
Orkhon Valley,MnXngnE,-1100,NA,NA,0.313828446,0.287087473,0.340569419,-1400,-300
Orkhon Valley,MnXngnE,-1000,NA,NA,0.313828446,0.287087473,0.340569419,-1400,-300
Orkhon Valley,MnXngnE,-900,NA,NA,0.313828446,0.287087473,0.340569419,-1400,-300
Orkhon Valley,MnXngnE,-800,NA,NA,0.313828446,0.287087473,0.340569419,-1400,-300
Orkhon Valley,MnXngnE,-700,NA,NA,0.313828446,0.287087473,0.340569419,-1400,-300
Orkhon Valley,MnXngnE,-600,NA,NA,0.313828446,0.287087473,0.340569419,-1400,-300
Orkhon Valley,MnXngnE,-500,NA,NA,0.313828446,0.287087473,0.340569419,-1400,-300
Orkhon Valley,MnXngnE,-400,NA,NA,0.338187491,0.304131932,0.372243051,-1400,-300
Orkhon Valley,MnXngnE,-300,NA,NA,0.338187491,0.304131932,0.372243051,-1400,-300
Orkhon Valley,MnXngnM,-200,NA,NA,0.460171292,0.427360879,0.492981705,-209,-60
Orkhon Valley,MnXngnM,-100,NA,NA,0.460171292,0.427360879,0.492981705,-209,-60
Orkhon Valley,MnXngnL,0,NA,NA,0.457521186,0.425725206,0.489317166,-59,99
Orkhon Valley,MnXianb,100,NA,NA,0.428617606,0.397041392,0.460193821,100,250
Orkhon Valley,MnXianb,200,NA,NA,0.428617606,0.397041392,0.460193821,100,250
Orkhon Valley,MnRourn,300,NA,NA,0.442124969,0.40973259,0.474517348,300,551
Orkhon Valley,MnRourn,400,NA,NA,0.442124969,0.40973259,0.474517348,300,551
Orkhon Valley,MnRourn,500,1,1,0.539593781,0.506766154,0.572421408,300,551
Orkhon Valley,MnETurk,600,1,1,0.619474849,0.593918939,0.645030759,583,630
Orkhon Valley,MnTurk2,700,1,1,0.605382188,0.580590129,0.630174248,684,744
Orkhon Valley,MnUigur,800,1,1,0.655501358,0.626112443,0.684890274,745,840
Orkhon Valley,MnShiwe,900,1,1,0.655501358,0.626112443,0.684890274,841,907
Orkhon Valley,MnKhit2,1000,NA,1,0.805388006,0.778681604,0.832094409,960,1125
Orkhon Valley,MnKhit2,1100,NA,1,0.805388006,0.778681604,0.832094409,960,1125
Orkhon Valley,MnMongE,1200,NA,1,0.302938578,0.30039774,0.305479416,1126,1205
Orkhon Valley,MnMngKh,1300,NA,1,0.929402587,0.88312106,0.975684114,1206,1367
Orkhon Valley,MnMongL,1400,NA,1,0.70611909,0.663094719,0.74914346,1368,1689
Orkhon Valley,MnMongL,1500,NA,1,0.70611909,0.663094719,0.74914346,1368,1689
Orkhon Valley,MnMongL,1600,1,1,0.669060246,0.629092683,0.709027808,1368,1689
Orkhon Valley,MnZungh,1700,1,1,0.727416795,0.689711226,0.765122364,1695,1745
Orkhon Valley,CnQingL,1800,1,1,0.993461914,0.991162553,0.995761275,1796,1912
Orkhon Valley,CnQingL,1900,1,1,0.997680536,0.995348315,1.000012757,1796,1912
Paris Basin,FrBeakr,-3200,NA,NA,0.234400681,0.209659325,0.259142036,-3200,-2201
Paris Basin,FrBeakr,-3100,NA,NA,0.234400681,0.209659325,0.259142036,-3200,-2201
Paris Basin,FrBeakr,-3000,NA,NA,0.234400681,0.209659325,0.259142036,-3200,-2201
Paris Basin,FrBeakr,-2900,NA,NA,0.234400681,0.209659325,0.259142036,-3200,-2201
Paris Basin,FrBeakr,-2800,NA,NA,0.234400681,0.209659325,0.259142036,-3200,-2201
Paris Basin,FrBeakr,-2700,NA,NA,0.234400681,0.209659325,0.259142036,-3200,-2201
Paris Basin,FrBeakr,-2600,NA,NA,0.234400681,0.209659325,0.259142036,-3200,-2201
Paris Basin,FrBeakr,-2500,NA,NA,0.234400681,0.209659325,0.259142036,-3200,-2201
Paris Basin,FrBeakr,-2400,NA,NA,0.234400681,0.209659325,0.259142036,-3200,-2201
Paris Basin,FrBeakr,-2300,NA,NA,0.234400681,0.209659325,0.259142036,-3200,-2201
Paris Basin,FrAtlBA,-2200,NA,NA,0.233646981,0.20588028,0.261413681,-2200,-1001
Paris Basin,FrAtlBA,-2100,NA,NA,0.233646981,0.20588028,0.261413681,-2200,-1001
Paris Basin,FrAtlBA,-2000,NA,NA,0.233646981,0.20588028,0.261413681,-2200,-1001
Paris Basin,FrAtlBA,-1900,NA,NA,0.233646981,0.20588028,0.261413681,-2200,-1001
Paris Basin,FrAtlBA,-1800,NA,NA,0.233646981,0.20588028,0.261413681,-2200,-1001
Paris Basin,FrAtlBA,-1700,NA,NA,0.233646981,0.20588028,0.261413681,-2200,-1001
Paris Basin,FrAtlBA,-1600,NA,NA,0.233646981,0.20588028,0.261413681,-2200,-1001
Paris Basin,FrAtlBA,-1500,NA,NA,0.233646981,0.20588028,0.261413681,-2200,-1001
Paris Basin,FrAtlBA,-1400,NA,NA,0.233646981,0.20588028,0.261413681,-2200,-1001
Paris Basin,FrAtlBA,-1300,NA,NA,0.233646981,0.20588028,0.261413681,-2200,-1001
Paris Basin,FrAtlBA,-1200,NA,NA,0.233646981,0.20588028,0.261413681,-2200,-1001
Paris Basin,FrAtlBA,-1100,NA,NA,0.233646981,0.20588028,0.261413681,-2200,-1001
Paris Basin,FrHallA,-1000,NA,NA,0.16993886,0.158703274,0.181174446,-1000,-901
Paris Basin,FrHallB,-900,NA,NA,0.258854649,0.240323007,0.277386292,-900,-701
Paris Basin,FrHallB,-800,NA,NA,0.267703062,0.255992259,0.279413866,-900,-701
Paris Basin,FrHallC,-700,NA,NA,0.297905679,0.290654081,0.305157276,-700,-601
Paris Basin,FrHallD,-600,NA,NA,0.343856417,0.329796998,0.357915836,-600,-475
Paris Basin,FrHallD,-500,NA,NA,0.343856417,0.329796998,0.357915836,-600,-475
Paris Basin,FrTeneA,-400,NA,NA,0.386416628,0.326276569,0.446556686,-474,-325
Paris Basin,FrTeneB,-300,NA,NA,0.470819171,0.46740472,0.474233623,-324,-175
Paris Basin,FrTeneB,-200,NA,NA,0.520259532,0.511342447,0.529176617,-324,-175
Paris Basin,FrTeneC,-100,1,1,0.568149996,0.562486098,0.573813894,-174,-27
Paris Basin,ItRomPr,0,1,1,0.952730633,0.948942245,0.956519021,-31,283
Paris Basin,ItRomPr,100,1,1,0.956969742,0.952767726,0.961171757,-31,283
Paris Basin,ItRomPr,200,1,1,0.956051865,0.952208907,0.959894823,-31,283
Paris Basin,TrRomDm,300,1,1,0.961824189,0.953477474,0.970170904,284,473
Paris Basin,FrMervE,500,1,1,0.778479886,0.774312434,0.782647338,481,542
Paris Basin,FrMervM,600,1,1,0.775362748,0.770652198,0.780073299,543,686
Paris Basin,FrMervL,700,1,1,0.767255588,0.761669487,0.772841688,687,750
Paris Basin,FrCarlE,800,1,1,0.810634178,0.805683568,0.815584789,752,839
Paris Basin,FrCarlL,900,1,1,0.765912928,0.760804516,0.77102134,840,986
Paris Basin,FrCaptE,1000,1,1,0.735520856,0.730811207,0.740230506,987,1149
Paris Basin,FrCaptE,1100,1,1,0.703288878,0.698297289,0.708280467,987,1149
Paris Basin,FrCaptL,1200,1,1,0.845939912,0.841744553,0.850135271,1150,1327
Paris Basin,FrCaptL,1300,1,1,0.843817545,0.8396238,0.848011289,1150,1327
Paris Basin,FrValoE,1400,1,1,0.841511521,0.838766238,0.844256804,1328,1449
Paris Basin,FrValoL,1500,1,1,0.890923212,0.884709992,0.897136431,1450,1588
Paris Basin,FrBurbE,1600,1,1,0.924929643,0.91754751,0.932311775,1589,1659
Paris Basin,FrBurbL,1700,1,1,0.971882071,0.967331909,0.976432234,1660,1788
Sogdiana,TjSaraz,-3500,NA,NA,0.269780018,0.224492089,0.315067947,-3500,-2001
Sogdiana,TjSaraz,-3400,NA,NA,0.269780018,0.224492089,0.315067947,-3500,-2001
Sogdiana,TjSaraz,-3300,NA,NA,0.269780018,0.224492089,0.315067947,-3500,-2001
Sogdiana,TjSaraz,-3200,NA,NA,0.269780018,0.224492089,0.315067947,-3500,-2001
Sogdiana,TjSaraz,-3100,NA,NA,0.269780018,0.224492089,0.315067947,-3500,-2001
Sogdiana,TjSaraz,-3000,NA,NA,0.269780018,0.224492089,0.315067947,-3500,-2001
Sogdiana,TjSaraz,-2900,NA,NA,0.269780018,0.224492089,0.315067947,-3500,-2001
Sogdiana,TjSaraz,-2800,NA,NA,0.269780018,0.224492089,0.315067947,-3500,-2001
Sogdiana,TjSaraz,-2700,NA,NA,0.269780018,0.224492089,0.315067947,-3500,-2001
Sogdiana,TjSaraz,-2600,NA,NA,0.269780018,0.224492089,0.315067947,-3500,-2001
Sogdiana,TjSaraz,-2500,NA,NA,0.269780018,0.224492089,0.315067947,-3500,-2001
Sogdiana,TjSaraz,-2400,NA,NA,0.269780018,0.224492089,0.315067947,-3500,-2001
Sogdiana,TjSaraz,-2300,NA,NA,0.269780018,0.224492089,0.315067947,-3500,-2001
Sogdiana,TjSaraz,-2200,NA,NA,0.269780018,0.224492089,0.315067947,-3500,-2001
Sogdiana,TjSaraz,-2100,NA,NA,0.269780018,0.224492089,0.315067947,-3500,-2001
Sogdiana,KzAndro,-2000,NA,NA,0.216075087,0.17928534,0.252864833,-2000,-1401
Sogdiana,KzAndro,-1900,NA,NA,0.216075087,0.17928534,0.252864833,-2000,-1401
Sogdiana,KzAndro,-1800,NA,NA,0.216075087,0.17928534,0.252864833,-2000,-1401
Sogdiana,KzAndro,-1700,NA,NA,0.216075087,0.17928534,0.252864833,-2000,-1401
Sogdiana,KzAndro,-1600,NA,NA,0.216075087,0.17928534,0.252864833,-2000,-1401
Sogdiana,KzAndro,-1500,NA,NA,0.216075087,0.17928534,0.252864833,-2000,-1401
Sogdiana,UzKok01,-1400,NA,NA,0.160012265,0.105428739,0.21459579,-1400,-1000
Sogdiana,UzKok01,-1300,NA,NA,0.160012265,0.105428739,0.21459579,-1400,-1000
Sogdiana,UzKok01,-1200,NA,NA,0.160012265,0.105428739,0.21459579,-1400,-1000
Sogdiana,UzKok01,-1100,NA,NA,0.160012265,0.105428739,0.21459579,-1400,-1000
Sogdiana,UzKok01,-1000,NA,NA,0.248389609,0.19514836,0.301630859,-1400,-1000
Sogdiana,UzKhw01,-900,NA,NA,0.371963819,0.299706419,0.44422122,-999,-751
Sogdiana,UzKhw01,-800,NA,NA,0.376420733,0.303558488,0.449282979,-999,-751
Sogdiana,UzKok02,-700,NA,NA,0.31637604,0.263546263,0.369205816,-750,-600
Sogdiana,UzKok02,-600,NA,NA,0.31637604,0.263546263,0.369205816,-750,-600
Sogdiana,IrAchae,-500,1,1,0.897850342,0.890440045,0.90526064,-520,-330
Sogdiana,IrAchae,-400,1,1,0.89560458,0.888723607,0.902485552,-520,-330
Sogdiana,IrSeleu,-300,1,1,0.870440183,0.861974758,0.878905608,-300,-249
Sogdiana,AfGrBct,-200,1,1,0.781782461,0.774454607,0.789110315,-248,-130
Sogdiana,AfTochr,-100,1,NA,0.707075888,0.676892855,0.737258922,-129,29
Sogdiana,AfTochr,0,1,NA,0.634629169,0.597142462,0.672115875,-129,29
Sogdiana,AfKushn,100,1,1,0.825450107,0.806555902,0.844344312,30,230
Sogdiana,AfKushn,200,1,1,0.822946284,0.807148875,0.838743694,30,230
Sogdiana,IrSasn1,300,1,1,0.817147614,0.808553545,0.825741682,231,425
Sogdiana,IrSasn1,400,1,1,0.83069746,0.822131114,0.839263806,231,425
Sogdiana,AfHepht,500,1,1,0.820914655,0.794937475,0.846891836,426,563
Sogdiana,KgWTurk,600,1,NA,0.732783666,0.700823991,0.764743341,564,603
Sogdiana,UzSogdi,700,1,1,0.672002217,0.656267887,0.687736546,604,711
Sogdiana,IqAbbs1,800,1,1,0.870531329,0.854756018,0.886306639,750,875
Sogdiana,UzSamnd,900,1,1,0.855756525,0.852154421,0.859358629,876,990
Sogdiana,KgKarKh,1000,1,1,0.825219063,0.823774078,0.826664048,991,1212
Sogdiana,KgKarKh,1100,1,1,0.804575768,0.737125871,0.872025666,991,1212
Sogdiana,KgKarKh,1200,1,1,0.825689358,0.820075324,0.831303392,991,1212
Sogdiana,UzChagt,1300,NA,1,0.747192947,0.715006639,0.779379256,1263,1361
Sogdiana,UzTimur,1400,1,1,0.875545429,0.868043254,0.883047604,1370,1526
Sogdiana,UzTimur,1500,1,1,0.832758902,0.794867882,0.870649923,1370,1526
Sogdiana,UzJanid,1600,1,1,0.785320595,0.760262767,0.810378424,1599,1747
Sogdiana,UzJanid,1700,1,1,0.791686435,0.750036015,0.833336856,1599,1747
Susiana,IrPrCer,-7800,NA,NA,0.131295914,0.072734084,0.189857745,-7800,-7201
Susiana,IrPrCer,-7700,NA,NA,0.131295914,0.072734084,0.189857745,-7800,-7201
Susiana,IrPrCer,-7600,NA,NA,0.131295914,0.072734084,0.189857745,-7800,-7201
Susiana,IrPrCer,-7500,NA,NA,0.131295914,0.072734084,0.189857745,-7800,-7201
Susiana,IrPrCer,-7400,NA,NA,0.131295914,0.072734084,0.189857745,-7800,-7201
Susiana,IrPrCer,-7300,NA,NA,0.131295914,0.072734084,0.189857745,-7800,-7201
Susiana,IrForma,-7200,NA,NA,0.142879951,0.087197891,0.19856201,-7200,-7001
Susiana,IrForma,-7100,NA,NA,0.142879951,0.087197891,0.19856201,-7200,-7001
Susiana,IrArcha,-7000,NA,NA,0.179099149,0.107328578,0.25086972,-7000,-6001
Susiana,IrArcha,-6900,NA,NA,0.179099149,0.107328578,0.25086972,-7000,-6001
Susiana,IrArcha,-6800,NA,NA,0.179099149,0.107328578,0.25086972,-7000,-6001
Susiana,IrArcha,-6700,NA,NA,0.179099149,0.107328578,0.25086972,-7000,-6001
Susiana,IrArcha,-6600,NA,NA,0.179099149,0.107328578,0.25086972,-7000,-6001
Susiana,IrArcha,-6500,NA,NA,0.179099149,0.107328578,0.25086972,-7000,-6001
Susiana,IrArcha,-6400,NA,NA,0.179099149,0.107328578,0.25086972,-7000,-6001
Susiana,IrArcha,-6300,NA,NA,0.179099149,0.107328578,0.25086972,-7000,-6001
Susiana,IrArcha,-6200,NA,NA,0.179099149,0.107328578,0.25086972,-7000,-6001
Susiana,IrArcha,-6100,NA,NA,0.179099149,0.107328578,0.25086972,-7000,-6001
Susiana,IrKhzE*,-6000,NA,NA,0.198632822,0.146536342,0.250729302,-6000,-5701
Susiana,IrKhzE*,-5900,NA,NA,0.198632822,0.146536342,0.250729302,-6000,-5701
Susiana,IrKhzE*,-5800,NA,NA,0.198632822,0.146536342,0.250729302,-6000,-5701
Susiana,IrKhzEM,-5700,NA,NA,0.180231707,0.105443842,0.255019572,-5700,-5101
Susiana,IrKhzEM,-5600,NA,NA,0.180231707,0.105443842,0.255019572,-5700,-5101
Susiana,IrKhzEM,-5500,NA,NA,0.180231707,0.105443842,0.255019572,-5700,-5101
Susiana,IrKhzEM,-5400,NA,NA,0.180231707,0.105443842,0.255019572,-5700,-5101
Susiana,IrKhzEM,-5300,NA,NA,0.180231707,0.105443842,0.255019572,-5700,-5101
Susiana,IrKhzEM,-5200,NA,NA,0.180231707,0.105443842,0.255019572,-5700,-5101
Susiana,IrKhzM*,-5100,NA,NA,0.248718296,0.187171198,0.310265395,-5100,-4701
Susiana,IrKhzM*,-5000,NA,NA,0.261609539,0.21198726,0.311231818,-5100,-4701
Susiana,IrKhzM*,-4900,NA,NA,0.261609539,0.21198726,0.311231818,-5100,-4701
Susiana,IrKhzM*,-4800,NA,NA,0.261609539,0.21198726,0.311231818,-5100,-4701
Susiana,IrKhzL*,-4700,NA,NA,0.265736824,0.207646226,0.323827422,-4700,-4301
Susiana,IrKhzL*,-4600,NA,NA,0.265736824,0.207646226,0.323827422,-4700,-4301
Susiana,IrKhzL*,-4500,NA,NA,0.265736824,0.207646226,0.323827422,-4700,-4301
Susiana,IrKhzL*,-4400,NA,NA,0.265736824,0.207646226,0.323827422,-4700,-4301
Susiana,IrSusa1,-4300,NA,1,0.304010619,0.267530449,0.340490789,-4300,-3801
Susiana,IrSusa1,-4200,NA,1,0.304010619,0.267530449,0.340490789,-4300,-3801
Susiana,IrSusa1,-4100,NA,1,0.304010619,0.267530449,0.340490789,-4300,-3801
Susiana,IrSusa1,-4000,NA,1,0.304010619,0.267530449,0.340490789,-4300,-3801
Susiana,IrSusa1,-3900,NA,1,0.253483635,0.214548845,0.292418424,-4300,-3801
Susiana,IrSusa2,-3800,NA,1,0.472645826,0.438025358,0.507266294,-3800,-3101
Susiana,IrSusa2,-3700,NA,1,0.531096574,0.495104507,0.567088641,-3800,-3101
Susiana,IrSusa2,-3600,NA,1,0.550605394,0.51508671,0.586124077,-3800,-3101
Susiana,IrSusa2,-3500,NA,1,0.568425051,0.531748269,0.605101833,-3800,-3101
Susiana,IrSusa2,-3400,NA,1,0.576742782,0.549796673,0.60368889,-3800,-3101
Susiana,IrSusa2,-3300,NA,1,0.580844029,0.553453291,0.608234767,-3800,-3101
Susiana,IrSusa2,-3200,NA,1,0.545642445,0.501404067,0.589880823,-3800,-3101
Susiana,IrSusa3,-3100,NA,1,0.543330886,0.519329841,0.567331931,-3100,-2676
Susiana,IrSusa3,-3000,NA,1,0.594879062,0.533582184,0.65617594,-3100,-2676
Susiana,IrSusa3,-2900,NA,1,0.594879062,0.533582184,0.65617594,-3100,-2676
Susiana,IrSusa3,-2800,NA,1,0.594879062,0.533582184,0.65617594,-3100,-2676
Susiana,IrSusa3,-2700,NA,1,0.594879062,0.533582184,0.65617594,-3100,-2676
Susiana,IrAwanE,-2600,NA,1,0.680864942,0.645779745,0.71595014,-2675,-2251
Susiana,IrAwanE,-2500,NA,1,0.680864942,0.645779745,0.71595014,-2675,-2251
Susiana,IrAwanE,-2400,NA,1,0.680864942,0.645779745,0.71595014,-2675,-2251
Susiana,IrAwanE,-2300,NA,1,0.680864942,0.645779745,0.71595014,-2675,-2251
Susiana,IqAkkad,-2200,1,1,0.760034902,0.724626725,0.795443079,-2250,-2113
Susiana,IqUrIII,-2100,NA,1,0.756319287,0.731192093,0.781446482,-2112,-2029
Susiana,IrShima,-2000,NA,1,0.744816333,0.685669764,0.803962903,-2028,-1901
Susiana,IrSukkE,-1900,NA,1,0.748206377,0.715813454,0.780599299,-1900,-1701
Susiana,IrSukkE,-1800,NA,1,0.753777253,0.697811912,0.809742595,-1900,-1701
Susiana,IrSukkL,-1700,NA,1,0.718051186,0.681397305,0.754705067,-1700,-1501
Susiana,IrSukkL,-1600,NA,1,0.702300662,0.647116388,0.757484935,-1700,-1501
Susiana,IrMElm1,-1500,NA,1,0.695594642,0.663105031,0.728084253,-1500,-1401
Susiana,IrMElm2,-1400,NA,1,0.739427956,0.692678309,0.786177603,-1400,-1201
Susiana,IrMElm2,-1300,NA,1,0.700108339,0.678121287,0.722095392,-1400,-1201
Susiana,IrMElm3,-1200,NA,1,0.739687734,0.709929405,0.769446064,-1200,-1101
Susiana,IrElmCP,-1100,NA,1,0.739687734,0.709929405,0.769446064,-1100,-901
Susiana,IrElmCP,-1000,NA,1,0.739687734,0.709929405,0.769446064,-1100,-901
Susiana,IrNElm1,-900,NA,1,0.696802586,0.600499011,0.793106161,-900,-744
Susiana,IrNElm1,-800,NA,1,0.696802586,0.600499011,0.793106161,-900,-744
Susiana,IrNElm2,-700,NA,1,0.728811713,0.675054039,0.782569387,-743,-647
Susiana,IrNElm3,-600,NA,1,0.683134954,0.610266232,0.756003677,-612,-540
Susiana,IrAchae,-500,1,1,0.897850342,0.890440045,0.90526064,-539,-331
Susiana,IrAchae,-400,1,1,0.89560458,0.888723607,0.902485552,-539,-331
Susiana,IrSeleu,-300,1,1,0.870440183,0.861974758,0.878905608,-312,-144
Susiana,IrSeleu,-200,1,1,0.791706819,0.784004438,0.7994092,-312,-144
Susiana,IrPart1,-100,1,1,0.8289548,0.81750144,0.84040816,-143,24
Susiana,IrPart1,0,1,1,0.84539816,0.832969737,0.857826583,-143,24
Susiana,IrElym2,100,NA,NA,0.804681125,0.752270466,0.857091783,25,215
Susiana,IrElym2,200,NA,NA,0.804681125,0.752270466,0.857091783,25,215
Susiana,IrSasn1,300,1,1,0.817147614,0.808553545,0.825741682,220,498
Susiana,IrSasn1,400,1,1,0.83069746,0.822131114,0.839263806,220,498
Susiana,IrSasn2,500,1,1,0.858094384,0.847454776,0.868733993,499,642
Susiana,IrSasn2,600,1,1,0.886023486,0.876953216,0.895093755,499,642
Susiana,SyCalUm,700,1,1,0.846772008,0.832400463,0.861143552,663,749
Susiana,IqAbbs1,800,1,1,0.870531329,0.854756018,0.886306639,750,946
Susiana,IqAbbs1,900,1,1,0.835270824,0.81439155,0.856150097,750,946
Susiana,IrBuyid,1000,1,1,0.836070277,0.833180526,0.838960028,947,1055
Susiana,IrSeljq,1100,1,1,0.866144651,0.859503224,0.872786078,1056,1190
Susiana,IqAbbs2,1200,1,1,0.845669095,0.841583489,0.849754702,1191,1207
Susiana,IrIlkhn,1300,1,1,0.838816839,0.809016717,0.86861696,1263,1335
Susiana,UzTimur,1400,1,1,0.875545429,0.868043254,0.883047604,1394,1470
Susiana,IrAkKoy,1500,1,1,0.815376823,0.792963683,0.837789963,1471,1504
Susiana,IrSafvd,1600,1,1,0.86061142,0.855857383,0.865365457,1505,1722
Susiana,IrSafvd,1700,1,1,0.86061142,0.855857383,0.865365457,1505,1722
Upper Egypt,EgBadar,-4400,NA,NA,0.139757725,0.063426389,0.21608906,-4400,-3801
Upper Egypt,EgBadar,-4300,NA,NA,0.139757725,0.063426389,0.21608906,-4400,-3801
Upper Egypt,EgBadar,-4200,NA,NA,0.139757725,0.063426389,0.21608906,-4400,-3801
Upper Egypt,EgBadar,-4100,NA,NA,0.139757725,0.063426389,0.21608906,-4400,-3801
Upper Egypt,EgBadar,-4000,NA,NA,0.139757725,0.063426389,0.21608906,-4400,-3801
Upper Egypt,EgBadar,-3900,NA,NA,0.139757725,0.063426389,0.21608906,-4400,-3801
Upper Egypt,EgNaqa1,-3800,NA,NA,0.174521323,0.143623641,0.205419005,-3800,-3551
Upper Egypt,EgNaqa1,-3700,NA,NA,0.314274346,0.289310192,0.3392385,-3800,-3551
Upper Egypt,EgNaqa1,-3600,NA,NA,0.360526426,0.347109269,0.373943583,-3800,-3551
Upper Egypt,EgNaqa2,-3500,NA,NA,0.399317088,0.37949092,0.419143256,-3550,-3301
Upper Egypt,EgNaqa2,-3400,NA,NA,0.414971929,0.392979972,0.436963886,-3550,-3301
Upper Egypt,EgNaqa3,-3300,NA,1,0.448506322,0.423718581,0.473294062,-3300,-3101
Upper Egypt,EgNaqa3,-3200,NA,1,0.450741122,0.415655585,0.485826659,-3300,-3101
Upper Egypt,EgDyn1*,-3100,NA,1,0.600374114,0.581468598,0.619279631,-3100,-2901
Upper Egypt,EgDyn1*,-3000,NA,1,0.600374114,0.581468598,0.619279631,-3100,-2901
Upper Egypt,EgDyn2*,-2900,1,1,0.606826653,0.59332952,0.620323786,-2900,-2651
Upper Egypt,EgDyn2*,-2800,1,1,0.615782338,0.602263312,0.629301364,-2900,-2651
Upper Egypt,EgDyn2*,-2700,1,1,0.616845023,0.603322956,0.63036709,-2900,-2651
Upper Egypt,EgOldK1,-2600,1,1,0.711204217,0.693839143,0.72856929,-2650,-2351
Upper Egypt,EgOldK1,-2500,1,1,0.711204217,0.693839143,0.72856929,-2650,-2351
Upper Egypt,EgOldK1,-2400,1,1,0.711204217,0.693839143,0.72856929,-2650,-2351
Upper Egypt,EgOldK2,-2300,1,1,0.719939996,0.700622387,0.739257605,-2350,-2151
Upper Egypt,EgOldK2,-2200,1,1,0.719939996,0.700622387,0.739257605,-2350,-2151
Upper Egypt,EgRegns,-2100,1,1,0.614344338,0.568235898,0.660452778,-2150,-2017
Upper Egypt,EgMidKg,-2000,1,1,0.737046861,0.722208528,0.751885195,-2016,-1721
Upper Egypt,EgMidKg,-1900,1,1,0.742073106,0.727274542,0.756871671,-2016,-1721
Upper Egypt,EgMidKg,-1800,1,1,0.742855526,0.728062988,0.757648064,-2016,-1721
Upper Egypt,EgThebH,-1700,1,1,0.69132996,0.669888598,0.712771323,-1720,-1567
Upper Egypt,EgThebH,-1600,1,1,0.69132996,0.669888598,0.712771323,-1720,-1567
Upper Egypt,EgNKThu,-1500,1,1,0.774240797,0.765576378,0.782905216,-1550,-1294
Upper Egypt,EgNKThu,-1400,1,1,0.780981587,0.772325709,0.789637466,-1550,-1294
Upper Egypt,EgNKThu,-1300,1,1,0.781942382,0.773290174,0.790594589,-1550,-1294
Upper Egypt,EgNKRam,-1200,1,1,0.788664253,0.782842517,0.79448599,-1293,-1071
Upper Egypt,EgNKRam,-1100,1,1,0.786162276,0.780357976,0.791966576,-1293,-1071
Upper Egypt,EgThebL,-1000,1,1,0.738963717,0.716814399,0.761113035,-1070,-761
Upper Egypt,EgThebL,-900,1,1,0.73669821,0.710432416,0.762964003,-1070,-761
Upper Egypt,EgThebL,-800,1,1,0.73669821,0.710432416,0.762964003,-1070,-761
Upper Egypt,SdKusht,-700,1,1,0.753665718,0.746432617,0.760898818,-760,-656
Upper Egypt,EgSaite,-600,1,1,0.752327811,0.742626401,0.762029221,-655,-526
Upper Egypt,IrAchae,-500,1,1,0.897850342,0.890440045,0.90526064,-525,-405
Upper Egypt,EgIntOc,-400,1,1,0.802694244,0.785684324,0.819704164,-404,-343
Upper Egypt,EgPtol1,-300,1,1,0.880792325,0.874499153,0.887085496,-305,-218
Upper Egypt,EgPtol2,-200,1,1,0.876650238,0.872866971,0.880433505,-217,-32
Upper Egypt,EgPtol2,-100,1,1,0.875961802,0.869193923,0.882729682,-217,-32
Upper Egypt,ItRomPr,0,1,1,0.952730633,0.948942245,0.956519021,-31,283
Upper Egypt,ItRomPr,100,1,1,0.956969742,0.952767726,0.961171757,-31,283
Upper Egypt,ItRomPr,200,1,1,0.956051865,0.952208907,0.959894823,-31,283
Upper Egypt,TrRomDm,300,1,1,0.961824189,0.953477474,0.970170904,284,394
Upper Egypt,TrERom*,400,1,1,0.931233808,0.929676517,0.9327911,395,632
Upper Egypt,TrERom*,500,1,1,0.941318036,0.939554491,0.943081581,395,632
Upper Egypt,TrERom*,600,1,1,0.92047997,0.919029239,0.921930701,395,632
Upper Egypt,SyCalUm,700,1,1,0.846772008,0.832400463,0.861143552,661,749
Upper Egypt,IqAbbs1,800,1,1,0.870531329,0.854756018,0.886306639,750,867
Upper Egypt,EgTulIk,900,1,1,0.810869327,0.808929331,0.812809323,868,969
Upper Egypt,TnFatim,1000,1,1,0.881474645,0.869495249,0.89345404,970,1170
Upper Egypt,TnFatim,1100,1,1,0.862438562,0.850757977,0.874119147,970,1170
Upper Egypt,EgAyyub,1200,1,1,0.852508319,0.849079958,0.855936681,1171,1259
Upper Egypt,EgMamBh,1300,1,1,0.893765221,0.884551815,0.902978627,1260,1347
Upper Egypt,EgMamCP,1400,1,1,0.896361691,0.887555993,0.905167388,1348,1411
Upper Egypt,EgMamBu,1500,1,1,0.884606315,0.876532159,0.892680472,1412,1516
Upper Egypt,TrOttm3,1600,1,1,0.958165439,0.953942222,0.962388656,1517,1682
Upper Egypt,TrOttm4,1700,1,1,0.956977021,0.953482762,0.960471281,1683,1798
